New latest manahil malik lake video || manahil malik eid viral video
Leaked 18++ musicbd25 xyz minahil malik manahil malik eid viral video link manahil malik new lake
WATCH Minahil Malik New viral Leaked Original Video
Minahil Malik New viral Leaked Original Video
MMS] VIRAL VIDEOs] Camilla Araujo Video X Full Porn Video Sexy New
Minahil Malik's new alleged videos Leaked Online
Minahil Malik video viral link bikini[~VIDEO~18]
Full+++ Video Minahil malik sk777 viral video xxxx sla
Today viral 18+ manahil malik lake videos manahi with vi deo
zcj Hania Amir private Video Leak With boyfriend
uoa Link {18+} quem quiser ver tÃ¡ aÃ­ 
ftg Full@@ { New 18+ } minahil malik today viral video minahil malik leak video new link
ryy ((FULL VIDEO) Sal Munoz Viral Video Leaked
dmz Original Full new video Michelle Vieth video viral twitter video completo telegram link
mtg CLIP@@@ Video 18+ elena maraga il gazzettino itsbabyelee elena maraga Reddit gazzettino
csr Original Full water video Yololary white shirt water reddit update
mam Full {18+} manahil malik lake video minahil malik new viral video
wll Sapna Shah Original Video Viral On Social Media X
wde [XXX~LeakEd>VIDEO]@Nisha Guragain Viral Leaked Video MMS videos 2025
sxp [NEW>>VIRAL]]**Redeem Craze Leaked Video Original Full Hot Sex Videos
pud Original Full Lucia Correa Leaked Video Lucia Correa Photos Telegram Leaks 2
sxg Original Aroob Jatoi baraat viral video full aroob jatoi ki viral video
juo One Girl 15 Hands Video Video Leked Video Video Video
ilm Stream Serwaa Amihere Latest Trending Viral Video
azc Lyna Perez Leaked Video Gives Rise To Online Scandal (VIRAL)
pkc Full@@ {18+} xx manahil malik lake video minahil malik new viral video
mrl Full Video ralph de leon pbb ralph de leon scandal ralph pbb collab ralph de leon jakol pinay tw
S.E.X VIDEOS X.x.X (18)+ Hot Seğš¡ Bangladesh poğš›n Videos XnX
S.E.X VIDEOS X.x.X (18)+ Imsha Rehman Hot Seğš¡ step sister poğš›n Videos XnX
S.E.X VIDEOS X.x.X (18)+ Hot Seğš¡ step sister poğš›n Videos XnX
Xnxx!ÙÙŠØ¯ÙŠÙˆ Ø³ÙƒØ³ Ù‡Ø¯ÙŠØ± Ø¹Ø¨Ø¯ Ø§Ù„Ø±Ø§Ø²Ù‚ Ù…Ù‚Ø·Ø¹ ÙƒØ§Ù…Ù„ Ø´Ø§Ù‡Ø¯ Ù‚Ø¨Ù„ Ø§Ù„Ø­Ø°Ù!#[VIRAL
~!Xxx! Ø§ÙÙ„Ø§Ù… Ø³ÙƒØ³ Ø¹Ø±Ø¨ÙŠ Ø³Ø§Ø®Ù† Ø¬Ø¯Ø§ ĞŸĞ¾Ñ€Ğ½Ğ¾ Ğ’Ğ¸Ğ´ĞµĞ¾
(18)+ Hot Seğš¡ indian poğš›n Videos XnX
Xnxx!ÙÙŠØ¯ÙŠÙˆ Ø³ÙƒØ³ Ù‡Ø¯ÙŠØ± Ø¹Ø¨Ø¯ Ø§Ù„Ø±Ø§Ø²Ù‚ Ù…Ù‚Ø·Ø¹ ÙƒØ§Ù…Ù„ Ø´Ø§Ù‡Ø¯ Ù‚Ø¨Ù„ Ø§Ù„Ø­Ø°Ù!#[VIRAL-~XXX]
Ù…ØµØ± xxx Ø³ÙƒØ³ Ø³ÙˆØ±ÙŠ Ù†ÙŠÙƒ Ø³ÙˆØ±ÙŠ Ø§ÙÙ„Ø§Ù… Ø³ÙƒØ³ Ø³ÙˆØ±ÙŠ XVideos
S.E.X VIDEOS X.x.X (18)+ Hot Seğš¡ indian poğš›n Videos XnX
S.E.X V.IDEOS] ÙÙŠØ¯ÙŠÙˆ Ø³ÙƒØ³ Ù‡Ø¯ÙŠØ± Ø¹Ø¨Ø¯ Ø§Ù„Ø±Ø§Ø²Ù‚ Ù…Ù‚Ø·Ø¹ ÙƒØ§Ù…Ù„ Ø´Ø§Ù‡Ø¯ Ù‚Ø¨Ù„ Ø§Ù„Ø­Ø°Ù 18+
Reddit++SEX~VIDEO~XXX) Desi Pakistani XXX Video Full Porn XXX Video Sexy XXX Video XNXX Video
MEDIA Xâ€sweat_droplets ï¼¸nï½˜ï½˜-videos! ï¼¸ï¼¸ï¼¸ à¸„à¸¥à¸´à¸›à¸«à¸¥à¸¸à¸”à¸¥à¸³à¹„à¸¢ à¹„à¸«à¸—à¸­à¸‡à¸„à¸³à¸à¸±à¸š à¸šà¸­à¸ª à¹à¸”à¸™à¹€à¸‹à¸­à¸£à¹Œ à¸£à¸µà¸šà¸”à¸¹à¸à¹ˆà¸­à¸™à¸¥à¸šxxxx à¹à¸­à¸šà¹à¸‹à¹ˆ
FULL_FREE! Minahil Malik New viral Leaked Original Video
new +18+SEX~VIDEO~XXX) Hot Indian Desi Girl XXX Video Full Porn XXX Video Sexy XXX Video XNXX Video
MMS** VIRAL VIDEOs] Camilla Araujo Video X Full Porn Video Sexy New
Today viral] 18+ manahil malik lake videos manahi with vi deo
Free+18+SEX~VIDEO~XXX) Desi Indian XXX Video Full Porn XXX Video Sexy XXX Video XNXX Video
New [18++] manahil malik lake videos & manahil malik eid viral video full
Today viral 18+ Sofia Ansari lake videos manahi with vi deo
Play New Leaked 18+ manahil malik eid viral video manahil malik lake video
Watch video Ari Kytsya VIRAL MMS XXX video Full Hot Sex
(VIRAï¼¬*ï¼³ï½…ï½˜) Shruthi Narayanan ï¼¸ï¼¸ï¼¸ ï½ï½ï½’ï½ Videï½ Orginal Full Hot ï¼³ï½…ï½˜
(EXCLUSIVE ï¼£ï½Œï½‰ï½)* Redeem Craze â€16 minutes 6 seconds viral video shah sapna kumari VIRAL VIDEğš˜
-Xï¼¸ï¼¸ Redeem Craze First Time Seï½˜ Xï½˜ï½˜ Videï½ xï½˜ï½˜ Xxï½˜ seï½˜y Xvideï½
[#VIRAL!]] Redeem Craze Full Videos Redeem Craze Video
(VIRAL*ï¼³ï½…ï½˜) Redeem Craze (Sapna Shah) ï¼¸ï¼¸ï¼¸ ï½ï½ï½’ï½ Videï½ Orginal Full Hot ï¼³ï½…ï½˜ Videï½s
Viral@XVideo! redeem craze viral video shah sapna kumari video redeem craze
(VIRAï¼¬*ï¼³ï½…ï½˜) Shruthi Narayanan ï¼¸ï¼¸ï¼¸ ï½ï½ï½’ï½ Videï½ Orginal Full Hot ï¼³ï½…ï½˜ Videï½s
(VIRAï¼¬*ï¼³ï½…ï½˜) Redeem Craze ï¼¸ï¼¸ï¼¸ ï½ï½ï½’ï½ Videï½ Orginal Full Hot ï¼³ï½…ï½˜ Videï½s
MMS] VIRAL VIDEOs*] Ari Kytsya Viral Video Full Porn Video X new
!! 1 Shah Sapna Kumari leaked Video link viral new sex
Watchâ–·video Ari Kytsya VIRAL MMS XXX video Full Hot Sex
manahil malik eid 2025 Leaked Video Viral On X Twitter Instagram
~+18+Desi~VIDEO~XXX) Desi Hindi XXX Video Full Porn XXX Video Sexy XXX Video XNXX Video
FULL-VIRAL-]â€”1 Shah Sapna Kumari leaked Video link viral new sex videos short clip
Reddit! manahil malik eid 2025 Leaked Video Viral On X Twitter Instagram
Clip Full 18+ shruti narayan viral video mms shruthi narayanan part 2 video shruthi narayanan 2nd
Video@@ {18+} job guru online minahil viral video minahil malik new viral video jobz hunting
[ à¸§à¸´à¸”à¸µà¹‚à¸­à¸¥à¹ˆà¸²à¸ªà¸¸à¸” 18++] luknoey vk & lukmei_1213 vk
18++ musicbd25.xyz manahil malik leak video minahil malik new viral video
18++ shruthi narayanan viral video link part 2 surti narayanan video download
Original 18++ musicbd25 xyz minahil malik manahil malik eid viral video link
Original Full new video jennydown4whatever Reddit Jennysodown Leaks Jenny Down 4 Whatever Twitter
Original [FULL18++] new video Yololary white shirt water reddit leaks
Full: Jenny Down 4 Whatever Video
Trending@Update 18++ shruti narayan viral video mms shruthi narayanan part 2 video shruthi narayana
[FULL18++] Original Baby Alien Fan Bus Viral Video Twitter
pakistani tiktoker minahil malik Latest viral video Part 2 lake online x twitter
Today viral 18+ manahil malik lake videos manahi with vi deo
Sajal Malik Video Original Link Tiktok Instagram Twitter Link HD
Minahil Malik viral video
ORIGINAL@ shruthi narayanan viral video link part 2 shruti narayanan video part 2 14 minute vripate
[+[!NEW!]+]Logan Guminski Leaked Video Viral On Social Media
18+}} minahil malik latest viral video manahil malik lake video minahil malik tiktok viral video
Logan Guminski Leaked Video Viral On Social Media
sapna shah viral video on instagram 2025
(VIRALâ–”CLIP)** Sapna Shah 16 min 6 Sec Video Original Link Tiktok Instagram Twitter X
Today viral 18+ imsha rehman lake videos manahi with vi deo
&![NEW-S.E.X-VIDEOS] Shruthi Narayanan's poğš›n Videos Xğš‡X Sğ™´X video XNXX Leağš”ed Video Viral On So
[Sapna Shah] Viral Full Video Link Clip
Logan Guminski Video Original Link Tiktok Instagram Twitter Link HD
Minahil Malik viral video full video link tiktokstar video
Today viral 18+ Bu Guru Salsa lake videos manahi with vi deo
ORIGINAL@ shruthi narayanan viral video with vi deo
[-FREE-VIDEOS-]- Camilla Araujo Video Original Video | pub
[SEX!EXCLUSIVE!CLIP]+ Sofia Ansari Viral Video Original Leaked Link On Social Media X Trending Now
Shah Sapna Kumari Viral video kaise dekhe
sruthi narayanan video viral tamil serial actress shruthi narayanan HD LINK Original VIDEO HD
New latest manahil malik lake video || manahil malik eid viral video
(VIRALâ–”CLIP)*]* Sapna Shah 16 min 6 Sec Video Original Link Tiktok Instagram Twitter X
1 Shah Sapna Kumari leaked Video link viral new sex
[Part_2] shruthi narayanan viral video link part 2 HD link trending social media x
!!Sajal Malik Video Original Link Tiktok Instagram Twitter Link HD
MMS] VIRAL VIDEOs] Camilla Araujo Video X Full Porn Video Sexy New
[XXX HD Video] Jannat Toha Viral Video Full Upload
VIDEO] Subhashree Sahu Viral Video Full Porn Video X New 2025
ORIGINAL! minahil malik today viral video minahil malik latest viral video manahil malik new video
[Viral hd Video] Jannat Toha Viral Video Full Upload
Shah Sapna Kumari Viral Video | Sapna Kumari Private Video 16 minutes 6 seconds Link
[XXX) Hot Indian Desi Girl XXX Video Full Porn XXX Video Sexy XXX Video XNXX Video
!![Newest@Video] shah sapna kumari viral video Terabox
!![Viral hd Video] Jannat Toha Viral Video now Full Upload x
sapna shah kumari viral video on instagram 2025
HD Minahil Malik Leaked Video
+[sex-Part-2]+ shruthi narayanan viral sex video link part 2 HD link trending on social media x twit
FULL VIDEOs]1 Shruthi Narayanan Viral Video Full Original Video Viral On Social Media X TikTok Trend
18+[VIral-VIdeo]â€”Imsha Rehman lake Video Viral On X Twitter Instagram
++SEX~VIDEO~XXX) Desi Tamil XXX Video Full Porn XXX Video Sexy XXX Video XNXX Video
+(full video!)* Mona Alam viral video link telegram Mona Alam viral video
HD_VIDEO sruthi narayanan Viral video x trending HD LINK social media telegram
18+[XXX~SEX~VIDEO] Hot Pakistani School Girl XXX Video Hot Sex XXX Video XNXX Video Porn XXX Videos
Video [Link 18+] mirella e dynho video polemico ver https qu.axtxvtq.mp4
Minahil Malik New viral Leaked Original Video
2nd_LINK] shruthi narayanan viral video 2 link HD today trending Now x twitter 2nd video
VIRAL x VIDEO!s] Sapna Shah Virl Video Full Original Videos
Video Title shruthi narayanan viral 2nd part now viral social media x trending twitter
[Sapna Shah] Viral Mms Video Link
++18+SEX~VIDEO~XXX) Hot Indian Desi Girl XXX Video Full Porn XXX Video Sexy XXX Video XNXX Video
+18+SEX~VIDEO~XXX) Hot Indian Teen XXX Video Full Porn XXX Video Sexy XXX Video XNXX Video
+18+SEX~VIDEO~XXX)American XXX Video American Teen XXX Video American XNXX Video American Porn Video
2025 New Viral Video Indian Porn Videos XXX
[Viral Twitter]!Full Video lan xinh yÃªu 06 link lanhxinhyeu06 lan xinh yeu lanh xinh yÃªu 06 trÃªn
[FULL VIDEOS] a2z jankari Tamil Actor Shruthi Narayanan 14 minute Leaked Video Viral Tele gram
++SEX~VIDEO~XXX) Desi Pakistani XXX Video Full Porn XXX Video Sexy XXX Video XNXX Video
18+[VIral-VIdeo]â€”Sofia Ansari Leaked Video Viral On X Twitter Instagram
+VIRALVIDEO]]+ 1 Sapna Shah Viral Leaked Videos Original sex Video link On Social Media X
FULL VIDEO MMS*] Ari Kytsya Viral Video Full Porn Video X new
[+[!NEW!]+]Sophie Rain Spiderman Leaked Video Viral On Social Media
18+[XXX~SEX~VIDEO]Hot Tamil Desi Girl XXX Video Hot Sex XXX Video XNXX Video Full Porn XXX Video
18+[XXX~SEX~VIDEO]Hot Hindi Desi Girl XXX Video Hot Sex XXX Video XNXX Video Full Porn XXX Video
18+ hot xxx Original Video Original Video Viral Video on X Twitter.
18+[VIral-VIdeo]â€”Gabriela Gardez Leaked Video Viral On X Twitter Instagram
18+[XXX~SEX~VIDEO]Hot China XXX Video Hot Sex XXX Video XNXX Video Full Porn XXX Video
+18+SEX~VIDEO~XXX)Hot Tamil XXX Video Teen XXX Video Adult Porn Video Sexy Girl XXX Video XNXX Video
+=18+SEX~VIDEO~XXX) Hot Tamil XXX Video Full Porn XXX Video Sexy XXX Video XNXX Video
VIRALâ–”VIDEO^^^ Indian Porn Videos XXX 2025
NEW^VIRALâ–”VIDEO^^^ Camilla Araujo Viral Video X Full Porn Video
MMS VIRAL VIDEOs] Camilla Araujo Video X Full Porn Video Sexy New
